quesId,Title,Language(s),AcceptedCount,UnacceptedCount
1,two sum,cpp,3,0
2,add two numbers,cpp,2,0
3,longest substring without repeating characters,cpp,2,0
4,median of two sorted arrays,cpp,2,0
5,longest palindromic substring,cpp,1,1
7,reverse integer,cpp,1,0
8,string to integer (atoi),cpp,1,0
9,palindrome number,cpp,1,0
11,container with most water,cpp,1,1
12,integer to roman,cpp,2,0
13,roman to integer,cpp,1,0
14,longest common prefix,cpp,1,0
15,3 sum,cpp,1,2
16,3 sum closest,cpp,2,0
17,letter combinations of a phone number,cpp,1,0
18,4 sum,cpp,1,0
19,remove nth node from end of list,cpp,2,0
20,valid parentheses,cpp,2,0
21,merge two sorted lists,cpp,3,0
22,generate parenthesis,cpp,4,0
23,merge k sorted lists,cpp,2,0
24,swap nodes in pairs,cpp,2,0
25,reverse nodes in K group,cpp,2,0
26,remove duplicates from sorted array,cpp,1,0
27,remove element,cpp,1,0
28,find the index of the first occurence in a string,cpp,2,0
29,divide two integers,cpp,1,2
31,next permutation,cpp,2,0
33,search in rotated sorted array,cpp,1,0
34,find first and last position of element in sorted array,cpp,1,0
35,search insert position,cpp,1,0
36,valid sudoku,cpp,3,0
37,sudoku solver,cpp,1,0
39,combination sum,cpp,1,0
40,combination sum II,cpp,1,1
41,first missing positive,cpp,2,0
42,trapping rain water,cpp,3,0
45,jump game II,cpp,2,0
46,permutations,cpp,2,0
47,permutations II,cpp,1,0
48,rotate image,cpp,3,0
49,group anagrams,cpp,2,0
50,pow(x* n),cpp,1,1
51,n queens,cpp,2,0
52,n queens II,cpp,1,0
53,maximum subarray,cpp,2,1
54,spiral matrix,cpp,2,0
55,jump game,cpp,2,1
56,merge intervals,cpp,2,0
57,insert interval,cpp,1,0
58,length of last word,cpp,1,0
59,spiral matrix II,cpp,1,0
60,permutation sequence,cpp,2,0
61,rotate list,cpp,1,0
62,unique paths,cpp,4,1
63,unique paths II,cpp,2,0
64,minimum path sum,cpp,3,1
66,plus one,cpp,1,0
67,add binary,cpp,1,0
69,sqrt(x),cpp,2,0
70,climbing stairs,cpp,2,0
72,edit distance,cpp,3,1
73,set matrix zeros,cpp,1,0
74,search a 2d matrix,cpp,3,0
75,sort colors,cpp,3,0
76,minimum window substring,cpp,1,1
77,combinations,cpp,1,0
78,subsets,cpp,2,0
79,word search,cpp,1,0
80,remove duplicates from sorted array II,cpp,2,0
81,search in rotated sorted array II,cpp,1,0
82,remove duplicates from sorted list II,cpp,2,0
83,remove duplicates from sorted list,cpp,1,0
84,largest rectangle in histogram,cpp,3,1
85,maximal rectangle,cpp,1,2
86,partition list,cpp,3,0
88,merge sorted array,cpp,1,0
90,subsets II,cpp,2,0
91,decode ways,cpp,1,0
92,reverse linked list II,cpp,1,0
94,binary tree inorder traversal,cpp,2,0
96,unique binary search trees,cpp,1,0
97,interleaving strings,cpp,3,1
98,validate binary search tree,cpp,3,0
99,recover binary search tree,cpp,3,0
100,same tree,cpp,2,0
101,symmetric tree,cpp,2,0
102,binary tree level order traversal,cpp,1,0
103,binary tree zigzag level order traversal,cpp,1,0
104,maximum depth of binary tree,cpp,2,0
105,construct binary tree from preorder and inorder traversal,cpp,3,0
106,construct binary tree from inorder and postorder traversal,cpp,1,0
107,binary tree level order traversal II,cpp,1,0
108,convert sorted array to BST,cpp,1,0
109,convert sorted list to binary search tree,cpp,1,0
110,balanced binary tree,cpp,3,0
111,minimum depth of binary tree,cpp,3,0
112,path sum,cpp,1,0
113,path sum II,cpp,1,0
114,flatten binary tree to linked list,cpp,2,0
115,distinct subsequences,cpp,2,1
116,populating next right pointers in each node,cpp,1,0
117,populating next right pointers in each node II,cpp,1,0
118,pascal's triangle,cpp,1,0
119,pascal's triangle II,cpp,2,0
120,triangle,cpp,3,1
121,best time to buy and sell stock,cpp,2,1
122,best time to buy and sell stock II,cpp,1,0
123,best time to buy and sell stock III,cpp,1,0
124,binary tree maximum path sum,cpp,1,0
125,valid palindrome,cpp,1,0
127,word ladder,cpp,1,0
128,longest consecutive sequence,cpp,2,1
129,sum root to leaf numbers,cpp,1,0
130,surrounded regions,cpp,1,0
131,palindrome partitioning,cpp,2,0
133,clone graph,cpp,1,0
134,gas station,cpp,1,1
135,candy,cpp,1,0
136,single number,cpp,3,0
137,single number II,cpp,3,0
139,word break,cpp,1,1
140,word break II,cpp,1,0
141,linked list cycle,cpp,1,0
142,linked list cycle II,cpp,1,0
143,reorder list,cpp,2,0
144,binary tree preorder traversal,cpp,2,0
145,binary tree postorder traversal,cpp,2,0
146,LRU cache,cpp,2,0
148,sort list,cpp,1,0
149,max points on a line,cpp,2,0
150,evaluate reverse polish notation,cpp,1,0
151,reverse words in a string,cpp,2,0
152,maximum product subarray,cpp,1,1
153,find minimum in rotated sorted array,cpp,3,0
154,find minimum in rotated sorted array II,cpp,1,0
155,min stack,cpp,1,0
160,intersection of two linked lists,cpp,5,0
162,find peak element,cpp,4,0
164,maximum gap,cpp,1,0
165,compare version numbers,cpp,1,0
167,two sum II input array is sorted,cpp,1,0
168,excel sheet column title,cpp,1,0
169,majority element,cpp,5,0
171,excel sheet column number,cpp,1,0
172,factorial trailing zeros,cpp,1,0
173,binary search tree iterator,cpp,1,0
174,dungeon game,cpp,2,1
175,combine two tables,sql,1,0
176,second highest salary,sql,3,0
177,nth highest salary,sql,1,0
178,rank scores,sql,2,0
179,largest number,cpp,1,0
180,consecutive numbers,sql,2,0
181,employees earning more than their managers,sql,1,0
182,duplicate emails,sql,1,0
183,customers who never order,sql,2,0
184,department highest salary,sql,2,0
187,repeated dna sequences,cpp,1,0
188,best time to buy and sell stock IV,cpp,1,1
189,rotate array,cpp,3,0
190,reverse bits,cpp,2,0
191,number of 1 bits,cpp,2,0
196,delete duplicate emails,sql,2,0
197,rising temperature,sql,1,0
198,house robber,cpp,2,0
199,binary tree right side view,cpp,2,0
200,number of islands,cpp,2,0
201,bitwise and of numbers range,cpp,1,0
202,happy number,cpp,1,0
203,remove linked list elements,cpp,1,0
204,count primes,cpp,3,0
205,isomorphic strings,cpp,1,0
206,reverse linked list,cpp,4,0
207,course schedule,cpp,2,0
208,implement trie (prefix tree),cpp,4,0
209,minimum size subarray sum,cpp,1,1
210,course schedule II,cpp,2,0
211,design add and search words data structure,cpp,2,3
212,word search II,cpp,0,2
213,house robber II,cpp,1,0
214,shortest palindrome,cpp,1,2
215,kth largest element in an array,cpp,3,0
216,combination sum III,cpp,1,0
217,contains duplicate,cpp,2,0
219,contains duplicate II,cpp,1,1
220,contains duplicate III,cpp,0,1
221,maximal square,cpp,3,1
222,count complete tree nodes,cpp,3,0
225,implement stack using queues,cpp,2,0
226,invert binary tree,cpp,2,0
228,summary ranges,cpp,1,0
229,majority element II,cpp,2,0
230,kth smallest element in a BST,cpp,4,0
231,power of two,cpp,4,0
232,implement queue using stacks,cpp,5,0
233,number of digit one,cpp,0,1
234,palindrome linked list,cpp,3,0
235,lowest common ancestor of a binary search tree,cpp,2,0
236,lowest common ancestor of a binary tree,cpp,2,0
237,delete node in a linked list,cpp,1,0
238,product of array except self,cpp,2,0
239,sliding window maximum,cpp,2,1
240,search a 2d matrix II,cpp,1,0
241,different ways to add parentheses,cpp,2,0
242,valid anagram,cpp,3,0
257,binary tree paths,cpp,2,0
258,add digits,cpp+js,2+2,0+0
260,single number III,cpp,4,0
263,ugly number,cpp,1,0
264,ugly number II,cpp,2,1
268,missing number,cpp,4,0
273,integer to english words,cpp,1,0
274,H index,cpp,2,0
275,H index II,cpp,2,0
278,first bad version,cpp,1,0
279,perfect squares,cpp,1,0
283,move zeros,cpp,3,0
287,find the duplicate number,cpp,4,0
289,game of life,cpp,1,0
290,word pattern,cpp,1,0
292,nim game,cpp,1,0
295,find median from data stream,cpp,2,2
297,serialize and deserialize binary tree,cpp,2,0
300,longest increasing subsequence,cpp,2,1
303,range sum query immutable,cpp,2,0
304,range sum query 2D immutable,cpp,4,1
307,range sum query mutable,cpp,3,1
309,best time to buy and sell stock with cooldown,cpp,3,1
310,minimum height trees,cpp,1,1
313,super ugly number,cpp,0,1
315,count of smaller numbers after self,cpp,0,2
316,remove duplicate letters,cpp,1,0
319,bulb switcher,cpp,1,0
322,coin change,cpp,3,2
326,power of three,cpp,1,0
327,count of range sum,cpp,0,1
328,odd even linked list,cpp,3,0
329,longest increasing path in a matrix,cpp,1,1
330,patching array,cpp,1,0
331,verify preorder serialization of a binary tree,cpp,3,0
332,reconstruct itinerary,cpp,1,1
334,increasing triplet subsequence,cpp,3,2
336,palindrome pairs,cpp,0,2
337,house robber III,cpp,1,0
338,counting bits,cpp,1,0
342,power of four,cpp,2,0
343,integer break,cpp,2,0
344,reverse string,cpp,1,0
345,reverse vowels of a string,cpp,1,0
347,top k frequency elements,cpp,2,0
349,intersection of two arrays,cpp,5,0
350,intersection of two arrays II,cpp,3,0
352,data stream as disjoint intervals,cpp,1,0
355,design twitter,cpp,3,0
357,count numbers with unique digits,cpp,0,1
365,water and jug problem,cpp,2,1
367,valid perfect square,cpp,2,0
368,largest divisible subset,cpp,0,1
373,find k pairs with smallest sums,cpp,1,1
374,guess number higher or lower,cpp,1,1
377,combination sum IV,cpp,2,1
378,Kth smallest element in a sorted matrix,cpp,3,0
380,insert delete getrandom O(1),cpp,2,0
381,insert delete getrandom O(1) duplicates allowed,cpp,1,0
382,linked list random node,cpp,1,0
383,ransom note,cpp,1,0
386,lexicographical numbers,cpp,4,0
387,first unique character in a string,cpp,1,0
389,find the difference,cpp,1,0
392,is subsequence,cpp,1,0
394,decode string,cpp,2,0
395,longest substring with at least k repeating characters,cpp,2,0
396,rotate function,cpp,1,1
397,integer replacement,cpp,2,0
398,random pick index,cpp,1,0
399,evaluate division,cpp,2,0
402,remove k digits,cpp,1,0
403,frog jump,cpp,2,1
404,sum of left leaves,cpp,1,0
405,convert a number to hexadecimal,cpp,2,0
406,queue reconstruction by height,cpp,1,0
409,longest palindrome,cpp,1,0
412,fizz buzz,cpp,2,0
413,arithmetic slices,cpp,1,0
414,third maximum number,cpp,1,0
415,add strings,cpp,1,0
416,partition equal subset sum,cpp,1,0
417,pacific atlantic water flow,cpp,1,0
419,battleships in a board,cpp,1,0
421,maximum XOR of two numbers in an array,cpp,0,1
423,reconstruct original digits from english,cpp,1,0
424,longest repeating character replacement,cpp,2,0
429,N ary tree level order traversal,cpp,1,0
432,all O'one data structure,cpp,2,0
434,number of segments in a string,cpp,2,0
435,non overlapping intervals,cpp,1,0
436,find right interval,cpp,3,0
437,path sum III,cpp,2,0
438,find all anagrams in a string,cpp,2,0
440,Kth smallest in lexicographical order,cpp,0,4
441,arranging coins,cpp,2,0
442,find all duplicates in an array,cpp,3,0
445,add two numbers II,cpp,3,0
447,number of boomerangs,cpp,1,0
448,find all numbers disappeared in an array,cpp,2,0
449,serialize and deserialize BST,cpp,2,0
450,delete node in a BST,cpp,1,0
451,sort characters by frequency,cpp,1,0
452,minimum number of arrows to burst balloons,cpp,1,0
454,4sum II,cpp,1,2
455,assign cookies,cpp,1,0
456,132 pattern,cpp,0,2
457,circular array loop,cpp,1,0
459,repeated substring pattern,cpp,2,0
460,LFU cache,cpp,1,0
461,hamming distance,cpp,3,0
462,minimum moves to equal array elements II,cpp,2,0
463,island perimeter,cpp,1,0
468,validate IP address,cpp,1,0
472,concatenated words,cpp,1,2
473,matchsticks to square,cpp,1,0
474,ones and zeros,cpp,1,1
476,number complement,cpp,3,0
477,total hamming distance,cpp,1,1
478,generate random point in a circle,cpp,1,0
480,sliding window median,cpp,0,1
482,license key formatting,cpp,2,0
485,max consecutive ones,cpp,1,0
491,non decreasing subsequences,cpp,2,0
492,construct the rectangle,cpp,2,0
493,reverse pairs,cpp,0,1
494,target sum,cpp,2,0
496,next greater element I,cpp,2,0
497,random point in non overlapping rectangles,cpp,0,1
498,diagonal traverse,cpp,3,0
500,keyboard row,cpp,2,0
501,find mode in binary search tree,cpp,1,0
502,IPO,cpp,1,1
503,next greater element II,cpp,5,0
504,base 7,cpp,1,0
506,relative ranks,cpp,3,0
507,perfect number,cpp,1,0
508,most frequent subtree sum,cpp,1,0
509,fibonacci number,cpp,2,0
511,game play analysis I,sql,1,0
513,bottom left tree value,cpp,2,0
514,freedom trail,cpp,1,1
515,find largest value in each tree row,cpp,1,0
516,longest palindromic subsequence,cpp,1,0
518,coin change II,cpp,2,2
519,random flip matrix,cpp,0,1
520,detect capital,cpp,1,0
523,continous subarray sum,cpp,1,1
524,longest word in dictionary through deleting,cpp,1,0
525,contiguous array,cpp,1,1
530,minimum absolute difference in BST,cpp,4,0
532,k diff pairs in an array,cpp,2,0
537,complex number multiplication,cpp,1,0
538,convert BST to greater tree,cpp,1,0
539,minimum time difference,cpp+js,2+2,0+0
540,single element in sorted array,cpp,4,0
541,reverse string II,cpp,2,0
542,01 matrix,cpp,1,1
543,diameter of binary tree,cpp,1,0
547,number of provinces,cpp,2,0
550,game play analysis IV,sql,1,0
551,student attendance record I,cpp,2,0
552,student attendance record II,cpp,1,0
556,next greater element III,cpp,2,0
557,reverse words in a string III,cpp,3,0
559,maximum depth of N ary tree,cpp,2,0
560,subarray sum equals k,cpp,2,0
561,array partition,cpp,1,0
563,binary tree tilt,cpp,2,0
566,reshape the matrix,cpp,2,0
567,permutation in string,cpp,2,0
570,managers with at least 5 direct reports,sql,2,0
572,subtree of another tree,cpp,2,0
576,out of boundary paths,cpp,1,1
577,employee bonus,sql,1,0
583,delete operation for two strings,cpp,1,0
584,find customer referee,sql,2,0
586,customer placing the largest number of orders,sql,1,0
587,erect the fence,cpp,2,0
589,N ary tree preorder traversal,cpp,1,0
590,N ary tree postorder traversal,cpp,1,0
592,fraction addition and subtraction,cpp,1,0
593,valid square,cpp,1,0
594,longest harmonious subsequence,cpp,3,0
595,big countries,sql,1,0
596,classes more than 5 students,sql,1,0
598,range addition II,cpp,1,1
599,minimum index sum of two lists,cpp,1,0
602,friend requests II who has the most friends,sql,2,0
605,can place flowers,cpp,3,0
606,construct string from binary tree,cpp,1,0
607,sales person,sql,2,0
608,tree node,sql,1,0
609,find duplicate file in system,cpp,1,0
610,triangle judgement,sql,2,0
611,valid triangle number,cpp,1,1
617,merge two binary trees,cpp,4,0
619,biggest single number,sql,2,0
620,not boring movies,sql,1,0
621,task scheduler,cpp,1,0
622,design circular queue,cpp,1,0
623,add one row to tree,cpp,2,0
624,maximum distance in arrays,cpp,1,1
626,exchange seats,sql,2,0
627,swap salary,sql,2,0
628,maximum product of 3 numbers,cpp,2,0
629,k inverse pairs array,cpp,0,2
632,smallest range covering elements from K lists,cpp,2,0
633,sum of square numbers,cpp,3,1
637,average of levels in a binary tree,cpp,1,0
640,solve the equation,cpp,1,0
641,design circular deque,cpp,1,0
643,maximum average subarray I,cpp,1,1
645,set mismatch,cpp,6,0
646,maximum length of pair chain,cpp,3,1
647,palindromic substrings,cpp,3,0
648,replace words,cpp,1,0
650,2 keys keyboard,cpp,4,0
652,find duplicate subtrees,cpp,1,0
653,two sum IV input in a BST,cpp,2,0
654,maximum binary tree,cpp,2,0
655,print binary tree,cpp,1,0
657,return robot to origin,cpp,2,0
658,find K closest elements,cpp,1,0
661,image smoother,cpp,3,0
662,maximum width of binary tree,cpp,1,0
665,non decreasing array,cpp,1,0
668,kth smallest number in multiplication table,cpp,0,2
669,trim a binary search tree,cpp,1,0
670,maximum swap,cpp,2,0
671,second minimum node in a binary tree,cpp,2,0
673,number of longest increasing subsequence,cpp,1,0
674,longest continous increasing subsequence,cpp,2,0
676,implement magic dictionary,cpp,1,0
677,map sum pairs,cpp,2,0
678,valid parenthesis string,cpp,3,1
680,valid palindrome II,cpp,1,0
682,baseball game,cpp,1,0
684,redundant connection,cpp,2,0
685,redundant connection II,cpp,1,1
687,longest univalue path,cpp,1,0
690,employee importance,cpp,1,0
692,top k frequent words,cpp,1,0
693,binary number with alternating bits,cpp,3,0
695,max area of island,cpp,1,0
696,count binary substrings,cpp,2,1
697,degree of an array,cpp,2,1
698,partition to k equal sum subsets,cpp,0,1
700,search in a binary search tree,cpp,2,0
701,insert into a binary search tree,cpp,2,0
703,Kth largest element in a stream,cpp,1,0
704,binary search,cpp,1,0
705,design hashset,cpp,2,0
706,design hashmap,cpp,2,0
707,design linked list,cpp,2,0
709,to lower case,cpp,2,0
710,random pick with blacklist,cpp,0,1
712,minimum ASCII delete sum for two strings,cpp,2,1
713,subarray product less than k,cpp,2,0
714,best time to buy and sell stock with transaction fee,cpp,5,1
715,range module,cpp,0,1
718,maximum length of repeated subarray,cpp,3,0
719,find Kth smallest pair distance,cpp,2,3
720,longest word in dictionary,cpp,1,0
721,accounts merge,cpp,1,0
724,find pivot index,cpp,2,0
725,split linked list in parts,cpp,1,0
726,number of atoms,cpp,1,0
728,self dividing numbers,cpp,1,0
729,my calender I,cpp,4,1
731,my calender II,cpp,2,1
732,my calender III,cpp,1,0
733,flood fill,cpp,2,0
735,asteroid collision,cpp,2,0
738,monotone increasing digits,cpp,1,1
739,daily temperatures,cpp,1,1
740,earn and delete,cpp,3,1
743,network delay time,cpp,2,0
744,find the smallest letter greater than target,cpp,2,0
745,prefix and suffix search,cpp,2,1
746,min cost climbing stairs,cpp,2,0
747,largest number at least twice of others,cpp,1,0
748,shortest completing word,cpp,1,0
752,open the lock,cpp,1,0
762,prime number of set bits in binary representation,cpp,1,0
763,partition labels,cpp,2,0
764,largest plus sign,cpp,1,1
766,toeplitz matrix,cpp,2,0
767,reorganize string,cpp,1,0
771,jewels and stones,cpp,3,0
775,global and local inversions,cpp,2,2
779,kth symbol in grammar,cpp,1,0
783,minimum distance between BST nodes,cpp,4,0
784,letter case permutation,cpp,1,0
785,is graph bipartite,cpp,1,0
786,kth smallest prime fraction,cpp,5,0
787,cheapest flights within k stops,cpp,2,0
788,rotated digits,cpp,1,0
791,custom sort string,cpp,1,0
792,number of matching subsequences,cpp,1,1
793,preimage size of factorial zeroes function,cpp,1,1
795,number of subarrays with bounded maximum,cpp,1,1
796,rotate string,cpp+js,3+1,0+0
797,all paths from source to target,cpp,1,0
799,champagne tower,cpp,1,0
802,find eventual safe states,cpp,3,0
804,unique morse code words,cpp,1,0
805,split array with same average,cpp,0,1
806,number of lines to write string,cpp,1,0
807,max increase to keep city skyline,cpp,2,0
811,subdomain visit count,cpp,1,0
812,largest triangle area,cpp,1,0
814,binary tree pruning,cpp,3,0
817,linked list components,cpp,2,0
819,most common word,cpp,1,0
820,short encoding of words,cpp,1,0
821,shortest distance to a character,cpp,2,0
825,friends of appropriate ages,cpp,0,1
826,most profit assigning work,cpp,4,0
827,making a large island,cpp,1,0
828,count unique characters of all substrings of a given string,cpp,1,1
829,consecutive numbers sum,cpp,0,1
830,positions of large groups,cpp,1,0
832,flipping an image,cpp,2,0
834,sum of distances in tree,cpp,1,2
836,rectangle overlap,cpp,1,0
839,similar string groups,cpp,1,0
840,magic squares in grid,cpp,1,0
841,keys and rooms,cpp,2,0
844,backspace string compare,cpp,1,0
845,longest mountain in array,cpp,1,0
846,hand of straights,cpp,2,0
848,shifting letters,cpp,1,0
851,loud and rich,cpp,2,0
852,peak index in a mountain array,cpp,3,1
853,car fleet,cpp,2,0
857,minimum cost to hire K workers,cpp,1,0
859,buddy strings,cpp,1,1
860,lemonade change,cpp,1,0
861,score after flipping matrix,cpp,2,0
862,shortest subarray with sum at least K,cpp,0,1
863,all nodes distance k in binary tree,cpp,3,0
865,smallest subtree with all the deepest nodes,cpp,1,0
866,prime palindrome,cpp,0,1
867,transpose matrix,cpp,1,0
868,binary gap,cpp,2,0
869,reordered power of 2,cpp,2,0
870,advantage shuffle,cpp,1,0
872,leaf similar trees,cpp,1,0
873,length of longest fibonacci subsequence,cpp,1,1
874,walking robot simulation,cpp,1,0
875,koko eating bananas,cpp,1,1
876,middle of the linked list,cpp,2,0
877,stone game,cpp,2,1
878,Nth magical number,cpp,0,1
881,boats to save people,cpp,1,0
883,projection area of 3D shapes,cpp,2,0
884,uncommon words from two sentences,cpp,2,0
885,spiral matrix III,cpp,1,0
886,possible bipartition,cpp,1,0
888,fair candy swap,cpp,1,1
889,construct binary tree from preorder and postorder traversal,cpp,1,0
890,find and replace pattern,cpp,1,0
892,surface area of 3D shapes,cpp,2,0
893,groups of special equivalent strings,cpp,2,0
895,maximum frequency stack,cpp,1,2
896,monotonic array,cpp,1,0
897,increasing order search tree,cpp,1,0
898,bitwise ORs of subarrays,cpp,0,1
900,RLE iterator,cpp,2,0
901,online stock span problem,cpp,2,0
904,fruit into baskets,cpp,1,1
905,sort array by parity,cpp,1,0
907,sum of subarray minimums,cpp,2,1
908,smallest range I,cpp,1,0
912,sort an array,cpp,5,0
915,partition array into disjoint intervals,cpp,2,1
916,word subsets,cpp,1,1
917,reverse only letters,cpp,2,0
918,maximum sum circular subarray,cpp,1,1
919,complete binary tree inserter,cpp,1,0
921,minimum add to make parentheses valid,cpp,1,0
922,sort array by parity II,cpp,4,0
923,3sum with multiplicity,cpp,0,1
924,minimize malware spread,cpp,1,0
925,long pressed name,cpp,1,0
926,flip string to monotone increasing,cpp,2,0
928,minimize malware spread II,cpp,1,0
929,unique email addresses,cpp,1,0
930,binary subarrays with sum,cpp,3,0
931,minimum falling path sum,cpp,2,2
933,number of recent calls,cpp,1,0
934,shortest bridge,cpp,2,0
935,knight dialer,cpp,1,0
937,reorder data in log files,cpp,1,0
938,range sum of bst,cpp,2,0
939,minimum area rectangle,cpp,2,0
941,valid mountain array,cpp,2,0
944,delete columns to make sorted,cpp,1,0
945,minimum increment to make array unique,cpp,2,0
946,validate stack sequences,cpp,2,0
947,most stones removed with same row or column,cpp,3,1
949,largest time for given digits,cpp,1,0
950,reveal cards in increasing order,cpp,1,0
951,flip equivalent binary trees,cpp,2,0
952,largest component size by common factor,cpp,1,1
953,verifying an alien dictionary,cpp,1,0
958,check completeness of a binary tree,cpp,1,0
959,regions cut by slashes,cpp,2,0
961,n repeated element in size 2n array,cpp,2,0
962,maximum width ramp,cpp,2,1
963,minimum area rectangle II,cpp,1,0
965,univalued binary tree,cpp,2,0
966,vowel spellchecker,cpp,1,0
970,powerful integers,cpp,1,0
971,flip binary tree to match preorder traversal,cpp,1,0
973,K closest points to origin,cpp,3,0
974,subarray sums divisible by K,cpp,1,2
976,largest perimeter triangle,cpp,1,1
977,squares of a sorted array,cpp,2,0
978,longest turbulent subarray,cpp,1,1
979,distribute coins in binary tree,cpp,2,0
981,time based key value store,cpp,1,3
982,triples with bitwise and equal to zero,cpp,0,1
983,minimum costs of tickets,cpp,1,0
985,sum of even numbers after queries,cpp,1,0
986,interval list intersections,cpp,2,0
987,vertical order traversal of a binary tree,cpp,2,0
988,smallest string starting from leaf,cpp,1,0
989,add to array form of integer,cpp,1,0
991,broken calculator,cpp,1,0
992,subarrays with k different integers,cpp,1,1
993,cousins in a binary tree,cpp,2,0
994,rotting oranges,cpp,2,0
995,minimum number of K consecutive bit flips,cpp,1,1
996,number of squareful arrays,cpp,0,1
997,find the town judge,cpp,3,0
999,available captures for rook,cpp,2,0
1002,find common characters,cpp,2,0
1005,maximum sum of array after k negations,cpp,2,0
1007,minimum domino rotations for equal row,cpp,1,0
1008,construct binary search tree from preorder traversal,cpp,1,0
1009,complement of base 10 integer,cpp,3,0
1010,pairs of songs with total durations divisible by 60,cpp,2,1
1011,capacity to ship packages within D days,cpp,1,0
1012,numbers with repeated digits,cpp,0,1
1013,partition array into three parts with equal sum,cpp,1,0
1016,binary string with substrings representing 1 to N,cpp,1,0
1018,binary prefix divisible by 5,cpp,1,0
1019,next greater node in linked list,cpp,1,0
1020,number of enclaves,cpp,3,0
1021,remove outermost parentheses,cpp,2,0
1022,sum of root to leaf binary numbers,cpp,2,0
1023,camelcase matching,cpp,1,0
1024,video stiching,cpp,2,0
1026,maximum difference between node and ancestor,cpp,2,0
1029,two city scheduling,cpp,2,2
1032,stream of characters,cpp,0,1
1034,coloring a border,cpp,1,0
1035,uncrossed lines,cpp,2,0
1037,valid boomerang,cpp,1,0
1038,binary search tree to greater sum tree,cpp,1,0
1041,robot bounded in circle,cpp,1,0
1043,partition array for maximum sum,cpp,1,1
1045,customers who bought all products,sql,1,0
1046,last stone weight,cpp,2,0
1047,remove all adjacent duplicates in string,cpp,1,0
1048,longest string chain,cpp,1,1
1049,last stone weight II,cpp,1,1
1050,actors and directors who cooperated atleast three times,sql,1,0
1051,height checker,cpp,2,0
1052,grumpy bookstore owner,cpp,1,0
1054,distant barcodes,cpp,1,0
1061,lexicographically smallest equivalent string,cpp,1,0
1068,product sales analysis I,sql,1,0
1070,product sale analysis III,sql,2,0
1071,greatest common divisor of strings,cpp,1,0
1074,number of submatrices that sum to target,cpp,1,1
1075,project employees I,sql,1,0
1078,occurrences after bigram,cpp,2,0
1079,letter tile possibilities,cpp,2,0
1081,smallest subsequence of distinct characters,cpp,1,0
1084,sales analysis III,sql,3,0
1089,duplicate zeros,cpp,1,0
1090,largest values from labels,cpp,1,0
1091,shortest path in binary matrix,cpp,2,0
1093,statistics from a large sample,cpp,1,0
1094,car pooling,cpp,1,0
1103,distribute candies to people,cpp,1,0
1104,path in zigzag labelled binary tree,cpp,1,0
1105,filling bookcase shelves,cpp,1,1
1106,parsing a boolean expression,cpp,1,0
1108,defanging an IP address,cpp,1,0
1109,corporate flight bookings,cpp,1,0
1110,delete nodes and return forest,cpp,1,0
1122,relative sort array,cpp,2,0
1123,lowest common ancestor of deepest leaves,cpp,1,0
1124,longest well performing interval,cpp,2,0
1128,number of equivalent domino pairs,cpp,2,0
1129,shortest path with alternating colors,cpp,1,0
1131,maximum of absolute value expression,cpp,0,1
1137,Nth tribonacci number,cpp,1,0
1138,alphabet board path,cpp,1,0
1140,stone game II,cpp,1,1
1141,user activity for the past 30 days I,sql,1,0
1143,longest common subsequence,cpp,5,1
1146,snapshot array,cpp,1,1
1148,article views I,sql,1,0
1154,day of the year,cpp+js,1+2,0+0
1155,number of dice rolls with target sum,cpp,5,0
1157,online majority element in subarray,cpp,0,1
1158,market analysis I,sql,2,0
1160,find words that can be formed by characters,cpp,1,0
1161,maximum level sum of a binary tree,cpp,1,0
1162,as far from land as possible,cpp,1,1
1164,product price at a given date,sql,2,0
1169,invalid transactions,cpp,1,0
1170,compare strings by frequency of the smallest character,cpp,2,1
1171,remove zero sum consecutive nodes from linked list,cpp,1,0
1173,immediate food delivery I,sql,3,0
1174,immediate food delivery II,sql,2,0
1175,prime arrangements,cpp,1,0
1177,can make palindrome from substring,cpp,1,1
1179,reformat department table,sql,1,0
1184,distance between bus stops,cpp,1,0
1185,day of the week,js,1,0
1189,maximum number of balloons,cpp,1,0
1190,reverse substrings between each pair of parentheses,cpp,3,0
1192,critical connections in a network,cpp,1,1
1193,monthly transactions I,sql,1,0
1200,minimum absolute difference,cpp,2,0
1201,ugly number III,cpp,0,1
1202,smallest string with swaps,cpp,1,0
1206,design skiplist,cpp,2,0
1207,unique number of occurrences,cpp,1,0
1208,get equal substrings within budget,cpp,1,1
1209,remove all adjacent duplicates in string II,cpp,1,1
1211,queries quality and percentage,sql,2,0
1217,minimum cost to move chips to the same position,cpp,2,0
1218,longest arithmetic subsequence of given difference,cpp,1,1
1219,path with maximum gold,cpp,1,0
1220,count vowels permutation,cpp,2,0
1221,split a string in balanced strings,cpp,1,0
1222,queens that can attack the king,cpp,1,0
1232,check if it is a straight line,cpp,2,0
1233,remove sub folders from the filesystem,cpp,2,1
1235,maximum profit in job scheduling,cpp,1,3
1239,maximum length of a concatenated string with unique characters,cpp,1,0
1248,count number of nice subarrays,cpp,2,1
1249,minimum remove to make valid parentheses,cpp,1,0
1251,average selling price,sql,1,0
1252,cells with odd values in a matrix,cpp,1,0
1254,number of closed islands,cpp,1,0
1255,maximum score words formed by letters,cpp,1,0
1260,shift 2D grid,cpp,3,0
1261,find elements in a contaminated binary tree,cpp,2,0
1266,minimum time visiting all points,cpp,1,0
1267,count servers that communicate,cpp,1,0
1268,search suggestions system,cpp,2,0
1275,find winner on a tic tac toe game,cpp,2,0
1277,count square submatrices with all ones,cpp,2,0
1280,students and examinations,sql,1,0
1281,subtract the product and sum of digits of an integer,cpp,1,0
1282,group the people given the group size they belong to,cpp,1,0
1283,find the smallest divisor given a threshold,cpp,1,1
1287,element appearing more than 25 in sorted array,cpp,2,0
1289,minimum falling path sum II,cpp,2,1
1290,convert binary number in a linked list to integer,cpp,2,0
1291,sequential digits,cpp,3,1
1295,find numbers with even number of digits,cpp,1,0
1296,divide array in sets of k consecutive numbers,cpp,2,0
1299,replace elements with greatest elements on right side,cpp,2,0
1302,deepest leaves sum,cpp,2,0
1304,find n unique integers sum up to zero,cpp,1,0
1305,all elements in two binary search trees,cpp,1,0
1309,decrypt string from alphabet to integer mapping,cpp,2,0
1310,XOR queries of a subarray,cpp,2,0
1314,matrix block sum,cpp,1,0
1315,sum of nodes with even valued grandparent,cpp,2,0
1316,distinct echo substrings,cpp,0,1
1317,convert integer to the sum of two no zero integers,cpp,2,0
1318,minimum flips to make a or b equal to c,cpp,3,0
1319,number of operations to make network connected,cpp,4,0
1323,maximum 69 number,cpp,2,0
1324,print words vertically,cpp,1,0
1325,delete leaves with a given value,cpp,2,0
1327,list the products ordered in a period,sql,2,0
1329,sort the matrix diagonally,cpp,1,0
1331,rank transform of an array,cpp,2,0
1333,filter restaurants by vegan friendly price and distance,cpp,1,0
1334,find the city with the smallest number of neighbours at a threshold distance,cpp,1,0
1337,the k weakest rows in a matrix,cpp,5,0
1338,reduce array size to the half,cpp,1,0
1341,movie rating,sql,2,0
1342,number of steps to reduce a number to zero,cpp,1,0
1344,angle between hands of a clock,cpp,1,0
1346,check if N and its double exist,cpp,3,0
1347,minimum number of steps to make two strings anagram,cpp,1,0
1348,tweet counts per frequency,cpp,1,0
1351,count negative numbers in a sorted matrix,cpp,3,0
1352,product of the last k numbers,cpp,1,1
1356,sort integers by the number of 1 bits,cpp,3,0
1357,apply discount every n orders,cpp,1,0
1359,count all valid pickup and delivery options,cpp,1,0
1360,number of days between two dates,js,1,0
1361,validate binary tree nodes,cpp,1,0
1362,closest divisors,cpp,1,0
1365,how many numbers are smaller than the current number,cpp,2,0
1366,rank teams by votes,cpp,3,0
1367,linked list in binary tree,cpp,1,0
1370,increasing decreasing string,cpp,1,0
1371,find the longest substring containing vowels in even counts,cpp,1,1
1373,maximum sum BST in binary tree,cpp,1,0
1374,generate a string with characters that have odd counts,cpp,1,0
1376,time needed to inform all employees,cpp,2,0
1378,replace employee id with the unique identifier,sql,1,0
1379,find a corresponding node of a binary tree in a clone of that tree,cpp,1,0
1380,lucky numbers in a matrix,cpp,3,0
1381,design a stack with increment operation,cpp,2,0
1382,balance a binary search tree,cpp,1,0
1385,find the distance value between two arrays,cpp,2,0
1386,cinema seat allocation,cpp,1,0
1387,sort integers by the power value,cpp,3,0
1389,create target array in the given order,cpp,2,0
1392,longest happy prefix,cpp,0,1
1393,capital gain loss,sql,2,0
1394,find lucky integer in an array,cpp,1,0
1395,count number of teams,cpp,2,0
1396,design underground system,cpp,2,0
1399,count largest group,cpp,2,0
1400,construct K palindrome strings,cpp,1,0
1401,circle and rectangle overlapping,cpp,1,0
1402,reducing dishes,cpp,1,0
1403,minimum subsequence in non increasing order,cpp,2,0
1404,number of steps to reduce a number in binary representation to one,cpp,2,0
1405,longest happy string,cpp,1,0
1406,stone game III,cpp,1,1
1407,top travellers,sql,1,0
1408,string matching in an array,cpp,2,0
1413,minimum value to get positive step by step sum,cpp,2,0
1414,find the minimum number of fibonacci numbers whose sum is k,cpp,1,0
1417,reformat the string,cpp,1,0
1422,maximum score after splitting a string,cpp,1,0
1424,diagonal traverse II,cpp,4,0
1431,kid with the greatest number of candies,cpp,1,0
1433,check if a string can break another string,cpp,1,0
1436,destination city,cpp,3,0
1437,check if all 1s are at least length k places away,cpp,1,0
1438,longest continuous subarray with absolute diff less than or equal to limit,cpp,1,1
1441,build an array with stack operations,cpp,1,0
1442,count triplets that can form two arrays of equal XOR,cpp,2,0
1443,minimum time to collect all apples in a tree,cpp,1,0
1446,consecutive characters,cpp,2,0
1447,simplified fractions,cpp,1,0
1448,count good nodes in binary tree,cpp,1,0
1450,number of students doing homework at a given time,cpp,1,0
1451,rearrange words in a sentence,cpp,2,0
1455,check if a word occurs as a prefix of any word in a sentence,cpp+js,2+1,0+0
1456,maximum number of vowels in a substring of given length,cpp,1,0
1457,pseudo palindromic paths in a binary tree,cpp,1,0
1460,make two arrays equal by reversing subarrays,cpp,3,0
1461,check if a string contains all binary codes of size k,cpp,1,0
1462,course schedule IV,cpp,2,0
1463,cherry pickup II,cpp,1,1
1464,maximun product of two elements in an array,cpp,1,0
1466,reorder routes to make all paths lead to the city zero,cpp,1,0
1470,shuffle the array,cpp,5,0
1472,design browser history,cpp,1,0
1475,final prices with a special discount in a shop,cpp,1,0
1476,subrectangle queries,cpp,1,0
1480,running sum of 1D array,cpp,1,0
1481,least number of unique integers after k removals,cpp,3,0
1482,minimum number of days to make m bouquets,cpp,1,1
1484,group sold products by the date,sql,1,0
1486,xor operation in an array,cpp,3,0
1491,average salary excluding the minimum and maximum salary,cpp,2,0
1492,the kth factor of n,cpp,1,0
1493,longest subarray of 1s after deleting one element,cpp,1,1
1496,path crossing,cpp,1,0
1497,check if array pairs are divisible by K,cpp,2,0
1502,can make arithmetic progression from sequence,cpp,2,0
1504,count submatrices with all ones,cpp,1,1
1507,reformat date,cpp+js,2+2,0+0
1508,range sum of sorted subarray sums,cpp,3,0
1509,minimum difference between largest and smallest value in three moves,cpp,2,0
1512,number of good pairs,cpp,4,0
1513,number of substrings with only 1s,cpp,1,1
1514,path with maximum probability,cpp,3,0
1517,find users with valid emails,sql,1,0
1518,water bottles,cpp,1,0
1523,count odd numbers in an interval range,cpp,1,0
1524,number of subarrays with odd sum,cpp,1,1
1527,patients with a condition,sql,1,0
1528,shuffle string,cpp+js,1+1,0+0
1530,number of good leaf nodes pairs,cpp,2,0
1534,count good triplets,cpp,1,0
1535,find the winner of an array game,cpp,1,0
1539,kth missing positive number,cpp,2,0
1544,make the string great,cpp,2,0
1545,find Kth bit in Nth binary string,cpp,2,0
1550,three consecutive odds,cpp,2,0
1551,minimum operations to make array equal,cpp,2,0
1552,magnetic force between two balls,cpp,1,0
1556,thousand seperator,cpp+js,1+1,0+0
1557,minimum number of vertices to reach all nodes,cpp,2,0
1559,detect cycles in 2D grid,cpp,2,0
1560,most visited sector in a circular track,cpp,1,0
1561,maximum number of coins you can get,cpp,1,0
1562,find latest group of size M,cpp,0,1
1566,detect pattern of length m repeated k or more times,cpp,1,0
1568,minimum number of days to disconnect island,cpp,1,0
1572,matrix diagonal sum,cpp,1,0
1576,replace all s to avoid consecutive repeating characters,cpp,1,0
1578,minimum time to make rope colorful,cpp,1,0
1579,remove max number of edges to keep graph fully traversable,cpp,1,0
1581,customers who visited but did not make any transactions,sql,1,0
1582,special positions in a binary matrix,cpp,3,0
1584,minimum cost to connect all points,cpp,1,0
1587,bank account summary II,sql,2,0
1588,sum of all odd length subarrays,cpp,3,0
1590,make sum divisible by P,cpp,1,1
1592,rearrange spaces between words,cpp,1,0
1593,split a string into the max number of unique substrings,cpp,1,0
1598,crawler log folder,cpp,2,0
1603,design parking system,cpp,2,0
1605,find valid matrix given row and column sums,cpp,1,0
1608,special array with x elements greater than or equal x,cpp,3,0
1609,even odd tree,cpp,2,0
1614,maximum nesting depth of the parentheses,cpp,2,0
1615,maximal network rank,cpp,2,0
1624,largest substring between two equal characters,cpp,2,0
1626,best team with no conflicts,cpp,2,1
1627,graph connectivity with threshold,cpp,1,1
1629,slowest key,cpp,1,0
1630,arithmetic subarrays,cpp,2,0
1631,path with minimum effort,cpp,1,0
1633,percentge of users attended a contest,sql,2,0
1636,sort array by increasing frequency,cpp,4,0
1637,widest vertical area between two points containing no points,cpp,1,0
1640,check array formation through concatenation,cpp,2,0
1641,count sorted vowel strings,cpp,5,0
1642,furthest building you can reach,cpp,1,0
1646,get maximum in generated array,cpp,1,0
1647,minimum deletions to make character frequencies unique,cpp,2,0
1652,defuse the bomb,cpp,2,0
1653,minimum deletions to make string balanced,cpp,2,0
1656,design an ordered stream,cpp,1,0
1657,determine if two strings are close,cpp,1,0
1658,minimum operations to reduce x to zero,cpp,2,2
1661,average time of process per machine,sql,3,0
1662,check if two string arrays are equivalent,cpp,1,0
1667,fix names in a table,sql,1,0
1668,maximum repeating substring,cpp,2,0
1669,merge in between linked lists,cpp,1,0
1670,design front middle back queue,cpp,1,0
1671,minimum number of removals to make mountain array,cpp,1,0
1672,richest customer wealth,cpp,1,0
1678,goal parser interpretation,cpp,1,0
1679,max number of k sum pairs,cpp,2,0
1683,invalid tweets,sql,1,0
1684,count the number of consistent strings,cpp,1,0
1685,sum of absolute differences in a sorted array,cpp,2,1
1688,count of matches in tournament,cpp,3,0
1693,daily leads and partners,sql,1,0
1694,reformat phone number,cpp,1,0
1697,checking existence of edge length limited paths,cpp,1,1
1700,number of students unable to eat lunch,cpp,2,0
1701,average waiting time,cpp,1,0
1704,determine if string halves are alike,cpp+js,1+1,0+0
1706,where will the ball fall,cpp,1,0
1710,maximum units on a truck,cpp,3,0
1716,calculate money in leetcode bank,cpp,1,0
1717,maximum score from removing substrings,cpp,2,0
1720,decode xored array,cpp,1,0
1721,swapping nodes in a linked list,cpp,1,0
1725,number of rectangles that can form the largest square,cpp,1,0
1726,tuple with same product,cpp,1,0
1729,find followers count,sql,1,0
1731,the number of employees which report to each employee,sql,1,0
1732,find the highest altitude,cpp,1,0
1736,latest time by replacing hidden digits,cpp,1,0
1741,find total time spent by each employee,sql,1,0
1742,maximum number of balls in a box,cpp,1,0
1743,restore the array from adjacent pairs,cpp,1,0
1748,sum of unique elements,cpp,2,0
1750,minimum length of string after deleting similar ends,cpp,1,0
1752,check if array is sorted and rotated,cpp,1,0
1753,maximum score from removing stones,cpp,3,0
1757,recyclable and low fat products,sql,1,0
1758,minimum changes to make alternating binary string,cpp,1,0
1760,minimum limit of balls in a bag,cpp,1,1
1761,minimum degree of a connected trio in a graph,cpp,1,0
1763,longest nice substring,cpp,4,0
1765,map of highest peak,cpp,1,0
1768,merge strings alternately,cpp,1,0
1773,count items matching a rule,cpp,1,0
1779,find nearest point that has the same x or y coordinate,cpp,1,0
1780,check if number is a sum of powers of three,cpp,1,0
1784,check if binary string has at most one segment of ones,cpp,1,0
1789,primary department for each employee,sql,1,0
1790,check if one string swap can make strings equal,cpp,1,0
1791,find center of star graph,cpp,1,0
1793,maximum score of a good subarray,cpp,1,0
1795,rearrange products table,sql,2,0
1796,second largest digit in a string,cpp,1,0
1797,design authentication manager,cpp,1,0
1798,maximum number of consecutive values you can make,cpp,1,0
1800,maximum ascending subarray sum,cpp,1,0
1803,count pairs with XOR in a range,cpp,0,1
1805,number of different integers in a string,cpp,1,0
1812,determine color of a chessboard square,cpp,1,0
1813,sentence similarity III,cpp,1,0
1814,count nice pairs in an array,cpp,2,1
1816,truncate sentence,cpp,1,0
1822,sign of the product of an array,cpp,1,0
1823,find the winner of the circular game,cpp,2,0
1825,finding MK average,cpp,0,1
1827,minimum operations to make the array increasing,cpp,1,0
1828,queries on number of points inside a circle,cpp,1,0
1832,check if the sentence is pangram,cpp,2,0
1833,maximum ice cream bars,cpp,2,0
1834,single threaded cpu,cpp,1,0
1837,sum of digits in base k,cpp,1,0
1838,frequency of the most frequent element,cpp,1,1
1844,replace all digits with characters,cpp,1,0
1845,seat reservation manager,cpp,2,0
1846,maximum element after decreasing and rearranging,cpp,2,0
1848,minimum distance to the target element,cpp,1,0
1851,minimum interval to include each query,cpp,1,1
1854,maximum population year,cpp,2,0
1857,largest color value in a directed graph,cpp,1,0
1859,sorting the sentence,cpp,1,0
1863,sum of all subset XOR totals,cpp,3,0
1865,finding pairs with a certain sum,cpp,1,0
1869,longest contiguous segments of ones than zeros,cpp,1,0
1870,minimum speed to arrive on time,cpp,1,1
1873,calculate special bonus,sql,2,0
1876,substrings of size three with distinct characters,cpp,2,0
1877,minimize maximum pair sum in array,cpp,1,0
1880,check if word equals summation of two words,cpp,1,0
1881,maximum value after insertion,cpp,1,0
1886,determine whether matrix can be obtained by rotation,cpp,2,0
1887,reduction operations to make the array elements equal,cpp,2,0
1890,the latest login in 2020,sql,1,0
1893,check if all the integers in a range are covered,cpp,1,0
1894,find the student that will replace the chalk,cpp,1,0
1897,redistribute characters to make all strings equal,cpp,1,0
1899,merge triplets to form target triplet,cpp,1,0
1903,largest odd number in string,cpp,1,1
1905,count sub islands,cpp,2,0
1907,count salary categories,sql,2,0
1909,remove one element to make the array strictly increasing,cpp,2,0
1911,maximum alternating subsequence sum,cpp,3,1
1912,design movie rental system,cpp,1,0
1913,maximum product difference between two pairs,cpp,3,0
1915,number of wonderful substrings,cpp,2,3
1916,mean of array after removing some elements,cpp,1,0
1920,build array from permutation,cpp,2,0
1925,count square sum triples,cpp,2,0
1926,nearest exit from entrance in maze,cpp,2,0
1929,concatenation of array,cpp,1,0
1930,unique length 3 palindromic subsequences,cpp,1,2
1934,confirmation rate,sql,1,0
1935,maximum number of words you can type,cpp,2,0
1937,maximum number of points with cost,cpp,1,2
1941,check if all characters have equal number of occurences,cpp,2,0
1942,the number of the smallest unoccupied chair,cpp,1,0
1945,sum of digits of string after convert,cpp,1,0
1952,three divisors,cpp,2,0
1957,delete characters to make fancy string,cpp+js,2+2,0+0
1961,check if string is a prefix of array,cpp,2,0
1962,remove stones to minimize the total,cpp,1,0
1963,minimum number of swaps to make the string balanced,cpp,1,0
1965,employees with missing information,sql,2,0
1967,number of strings that appear as substrings in word,cpp,3,0
1968,array with elements not equal to average of neighbours,cpp,3,0
1971,find if path exists in graph,cpp,4,0
1974,minimum time to type word using special typewriter,cpp,1,0
1976,number of ways to arrive at destination,cpp,1,0
1978,employees whose manager left the company,sql,2,0
1979,find greatest common divisor of array,cpp,1,0
1980,find unique binary string,cpp,1,0
1984,minimum difference between highest and lowest of k scores,cpp,1,0
1985,find the kth largest integer in the array,cpp,1,0
1991,find the middle index in array,cpp,1,0
1992,find all groups of farmland,cpp,1,0
1995,count special quadruplets,cpp,2,0
1996,the number of weak characters in the game,cpp,2,1
2000,reverse prefix of word,cpp,1,0
2001,number of pairs of interchangeable rectangles,cpp,1,1
2002,maximum product of the length of two palindromic subsequences,cpp,1,0
2006,count number of pairs with absolute difference k,cpp,3,0
2007,find original array from doubled array,cpp,2,0
2009,minimum number of operations to make array continuous,cpp,0,1
2011,final value of variable after performing operations,cpp,1,0
2013,detect squares,cpp,2,0
2016,maximum difference between increasing elements,cpp,2,0
2017,grid game,cpp,1,0
2022,convert 1D array into 2D array,cpp,2,0
2024,maximize the confusion of an exam,cpp,1,0
2027,minimum moves to convert string,cpp,1,0
2028,find missing observations,cpp,2,0
2032,two out of three,cpp,3,0
2033,minimum operations to make a uni value grid,cpp,1,1
2034,stock price fluctuation,cpp,1,0
2037,minimum number of moves to seat everyone,cpp,2,0
2038,remove colored pieces if both neighbors are the same color,cpp,2,0
2042,check if numbers are ascending in a sentence,cpp,1,0
2043,simple bank system,cpp,1,0
2044,count number of maximum bitwise OR subsets,cpp,2,0
2045,second minimum time to reach destination,cpp,1,0
2047,number of valid words in a sentence,cpp,1,0
2048,next greater numerically balanced number,cpp,1,0
2049,count nodes with the highest score,cpp,1,0
2053,Kth distinct string in an array,cpp,2,0
2054,two best non overlapping events,cpp,2,1
2057,smallest index with equal value,cpp,1,0
2058,find the minimum and maximum number of nodes between critical points,cpp,2,0
2062,count vowel substrings of a string,cpp,2,0
2063,vowels of all substrings,cpp,1,1
2064,minimized maximum of products distributed to any store,cpp,1,1
2068,check whether two strings are almost equivalent,cpp,1,0
2073,time needed to buy tickets,cpp,1,0
2078,two furthest houses with different colors,cpp,2,0
2079,watering plants,cpp,1,0
2080,range frequency queries,cpp,1,2
2082,the number of rich customers,sql,2,0
2085,count common words with one occurence,cpp,2,0
2089,find target indices after sorting array,cpp,2,0
2090,k radius subarray averages,cpp,1,1
2092,find all people with secret,cpp,2,0
2094,finding 3 digit even numbers,cpp,2,0
2095,delete the middle node of a linked list,cpp,2,0
2096,step by step directions from a binary tree node to another,cpp,1,2
2099,find the subsequence of length k with the largest sum,cpp,3,0
2100,find good days to rob the bank,cpp,2,1
2101,detonate the maximum bombs,cpp,2,0
2102,sequentially ordinal rank tracker,cpp,0,1
2103,rings and rods,cpp,1,0
2104,sum of subarray ranges,cpp,1,0
2108,find first palindromic string in the array,cpp,1,0
2109,adding spaces to a string,cpp+js,2+1,0+0
2110,number of smooth descent periods of a stock,cpp,1,1
2114,maximum number of words found in sentences,cpp,1,0
2119,a number after a double reversal,cpp,1,0
2120,execution of all suffix instructions staying in a grid,cpp,1,0
2124,check if all a's appears before all b's,cpp,1,0
2125,number of laser beams in a bank,cpp,1,0
2126,destroying asteroids,cpp,1,0
2129,capitalize the title,cpp,2,0
2130,maximum twin sum of a linked list,cpp,4,0
2133,check if every row and column contains all numbers,cpp,2,0
2134,minimum swaps to group all 1s together II,cpp,2,0
2138,divide a string into groups of size k,cpp,2,0
2140,solving questions with brainpower,cpp,2,2
2144,minimum cost of buying candies with discount,cpp,1,0
2147,number of ways to divide a long corridor,cpp,1,0
2148,count elements with strictly smaller and greater elements,cpp,1,0
2149,rearrange array elements by sign,cpp,2,0
2154,keep multiplying found values by two,cpp,1,0
2160,minimum sum of four digit number after splitting digits,cpp,2,0
2161,partition array according to given pivot,cpp,1,0
2164,sort even and odd indices independently,cpp,1,0
2165,smallest value of the rearranged number,cpp,1,0
2166,design bitset,cpp,1,3
2169,count operations to obtain zero,cpp,1,0
2176,count equal and divisible pairs in an array,cpp,2,0
2177,find three consecutive integers that sum to a given number,cpp,1,0
2180,count integers with even digit sum,cpp,1,0
2181,merge nodes in between zeros,cpp,2,0
2183,count array pairs divisible by K,cpp,0,1
2185,counting words with a given prefix,cpp,1,0
2190,most frequent number following key in an array,cpp,1,0
2191,sort the jumbled numbers,cpp,2,0
2192,all ancestors of a node in a directed acyclic graph,cpp,2,0
2194,cells in a range on an excel sheet,cpp,1,0
2196,create binary tree from descriptions,cpp,1,0
2200,find all k distant indices in an array,cpp,1,0
2206,divide array into equal pairs,cpp,1,0
2210,count hills and valleys in an array,cpp,2,0
2211,count collisions on a road,cpp,2,0
2215,find the difference of two arrays,cpp,2,0
2218,maximum value of K coins from piles,cpp,0,1
2220,minimum bit flips to convert number,cpp,3,0
2221,find triangular sum of an array,cpp,2,0
2224,minimum number of operations to convert time,cpp,2,0
2226,maximum candies allocated to K children,cpp,1,1
2231,largest number after digit swaps by parity,cpp,1,0
2235,add two integers,cpp,1,0
2236,root equals sum of children,cpp,1,0
2239,find closest number to zero,cpp,1,0
2243,calculate digit sum of a string,cpp,1,0
2244,minimum rounds to complete all tasks,cpp,2,0
2246,longest path with different adjacent characters,cpp,0,1
2248,intersection of multiple arrays,cpp,1,0
2249,count lattice points inside a circle,cpp,2,0
2255,count prefixes of a given string,cpp,1,0
2257,count unguarded cells in the grid,cpp,1,0
2259,remove digit from number to maximize result,cpp,1,0
2261,K divisible elements subarrays,cpp,1,0
2264,largest 3 same digit number in string,cpp,2,0
2265,count nodes equal to average of subtree,cpp,1,0
2269,find the k beauty of a number,cpp,1,0
2273,find resultant array after removing anagrams,cpp,1,0
2275,largest combination with bitwise and greater than zero,cpp,1,0
2276,count integers in intervals,cpp,0,1
2278,percentage of letter in string,cpp,1,0
2279,maximum bags with full capacity of rocks,cpp,1,0
2280,minimum lines to represent a line chart,cpp,1,0
2283,check if number has equal digit count and digit value,cpp,1,0
2284,sender with largest word count,cpp,1,0
2285,maximum total importance of roads,cpp,1,0
2287,rearrange characters to make target string,cpp,1,0
2293,min max game,cpp,1,0
2295,replace elements in an array,cpp,1,0
2299,strong password checker II,cpp,1,0
2300,successful pairs of spells and potions,cpp,1,1
2303,calculate amount paid in taxes,cpp,1,0
2306,naming a company,cpp,0,1
2309,greatest english letter in upper and lower case,cpp,1,0
2315,count asterisks,cpp,1,0
2316,count unreachable pair of nodes in an undirected graph,cpp,2,0
2319,check if matrix is x matrix,cpp,1,0
2325,decode the message,cpp,1,0
2326,spiral matrix IV,cpp,1,0
2328,number of increasing paths in a grid,cpp,1,1
2331,evaluate boolean binary tree,cpp,1,0
2335,minimum amount of time to fill cups,cpp,2,0
2336,smallest number in infinite set,cpp,1,0
2337,move pieces to obtain a string,cpp,1,0
2341,maximum number of pairs in array,cpp,1,0
2342,max sum of a pair with equal sum of digits,cpp,1,1
2343,query Kth smallest trimmed number,cpp,2,0
2348,number of zero filled subarrays,cpp,1,1
2349,design a number container system,cpp,1,0
2351,first letter to appear twice,cpp,1,0
2352,equal row and column pairs,cpp,5,0
2353,design a food rating system,cpp,2,0
2356,number of unique subjects taught by each teacher,sql,2,0
2357,make array zero by subtracting equal amounts,cpp,3,0
2359,find closest node to given two nodes,cpp,2,0
2360,longest cycle in a graph,cpp,0,1
2363,merge similar items,cpp,2,0
2364,count number of bad pairs,cpp,1,1
2367,number of arithmetic triplets,cpp,2,0
2368,reachable nodes with restrictions,cpp,2,0
2369,check if there is a valid partition for the array,cpp,3,1
2370,longest ideal subsequence,cpp,1,2
2373,largest local values in a matrix,cpp,2,0
2374,node with highest edge score,cpp,1,0
2376,count special integers,cpp,0,1
2380,time needed to rearrange a binary string,cpp,1,0
2383,minimum hours of training to win a competition,cpp,1,0
2385,amount of time for binary tree to be infected,cpp,2,0
2389,longest subsequence with limited sum,cpp,3,0
2390,removing stars from a string,cpp,2,0
2391,minimum amount of time to collect garbage,cpp,1,0
2392,build a matrix with conditions,cpp,2,0
2395,find subarrays with equal sum,cpp,1,0
2396,strictly palindromic number,cpp,1,0
2399,check distances between same letters,cpp,2,0
2404,most frequent even element,cpp,2,0
2405,optimal partition of string,cpp,2,0
2406,divide intervals into minimum number of groups,cpp,1,0
2407,longest increasing subsequence II,cpp,0,2
2409,count days spent together,cpp,1,0
2410,maximum matching of players with trainers,cpp,1,0
2413,smallest even multiple,cpp,1,0
2415,reverse odd levels of binary tree,cpp,1,0
2416,sum of prefix scores of strings,cpp,1,2
2418,sort the people,cpp,2,0
2419,longest subarray with maximum bitwise AND,cpp,1,1
2420,find all good indices,cpp,1,1
2423,remove letter to equalize frequency,cpp,2,0
2424,longest uploaded prefix,cpp,1,0
2426,number of pairs satisfying inequality,cpp,0,1
2427,number of common factors,cpp,2,0
2428,maximum sum of an hourglass,cpp,1,0
2432,the employee that worked on the longest task,cpp,1,0
2439,minimize maximum of array,cpp,1,0
2441,largest positive integer that exists with its negative,cpp,3,0
2442,count number of distinct integers after reverse operations,cpp,1,0
2444,count subarrays with fixed bounds,cpp,1,1
2446,determine if two events have conflict,cpp,2,0
2448,minimum cost to make array equal,cpp,1,2
2455,average value of even numbers that are divisible by three,cpp,1,0
2456,most popular video creator,cpp,2,0
2458,height of binary tree after subtree removal queries,cpp,1,1
2460,apply operations to an array,cpp,2,0
2465,number of distinct averages,cpp,2,0
2466,count ways to build good strings,cpp,2,1
2469,convert the temperature,cpp,1,0
2471,minimum number of operations to sort a binary tree by level,cpp,1,1
2475,number of unequal triplets in array,cpp,2,0
2476,closest nodes queries in a binary search tree,cpp,1,1
2481,minimum cuts to divide a circle,cpp,1,0
2482,difference between ones and zeros in row and column,cpp,1,1
2483,minimum penalty for a shop,cpp,2,1
2485,find the pivot integer,cpp,1,0
2486,append characters to string to make subsequence,cpp,1,0
2487,remove nodes from linked list,cpp,2,0
2490,circular sentence,cpp+js,1+2,0+0
2491,divide players into teams of equal skill,cpp,2,0
2492,minimum score of a path between two cities,cpp,2,0
2496,maximum value of a string in an array,cpp,1,0
2497,maximum star sum of a graph,cpp,2,0
2500,delete greatest value in each row,cpp,1,0
2501,longest square streak in an array,cpp,1,0
2502,design memory allocator,cpp,1,0
2506,count pair of similar strings,cpp,2,0
2515,shortest distance to target string in a circular array,cpp,2,0
2520,count the digits that divide a number,cpp,1,0
2521,distinct prime factors of product of array,cpp,1,0
2523,closest prime numbers in range,cpp,1,0
2525,categorize box according to criteria,cpp,1,0
2526,find consecutive integers from a data stream,cpp,1,0
2529,maximum count of positive integer and negative integer,cpp,1,0
2530,maximal score after applying K operations,cpp,1,0
2535,difference between element sum and digit sum of an array,cpp,2,0
2536,increment submatrices by one,cpp,1,0
2540,minimum common value,cpp,3,0
2544,alternating digit sum,cpp,1,0
2545,sort the students by their Kth score,cpp,2,0
2553,seperate the digits in an array,cpp,2,0
2554,maximum number of integers to choose from a range I,cpp,1,0
2558,take gifts from the richest pile,cpp,1,0
2559,count vowel strings in ranges,cpp,1,1
2562,find the array concatenation value,cpp,1,0
2563,count the number of fair pairs,cpp,0,1
2564,substring XOR queries,cpp,1,1
2566,maximum difference by remapping a digit,cpp,1,0
2570,merge two 2d arrays by summing values,cpp,1,0
2574,left and right sum differences,cpp,1,0
2578,split with minimum sum,cpp,2,0
2579,count total number of colored cells,cpp,2,0
2582,pass the pillow,cpp,2,0
2583,Kth largest sum in a binary tree,cpp,2,0
2586,count the number of vowel strings in range,cpp,1,0
2593,find score of an array after marking all elements,cpp,2,0
2595,number of even and odd bits,cpp,2,0
2597,the number of beautiful subsets,cpp,1,0
2600,k items with the maximum sum,cpp,2,0
2605,form smallest number from two digit arrays,cpp,1,0
2609,find the longest balanced substring of a binary string,cpp,1,0
2610,convert an array into a 2D array with conditions,cpp,2,0
2611,mice and cheese,cpp,2,0
2614,prime in diagonal,cpp,1,0
2618,check if object instance of class,js,2,0
2619,array prototype last,js,1,0
2620,counter,js,1,0
2621,sleep,js,1,0
2622,cache with time limit,js,2,0
2623,memoize,js,1,0
2624,snail traversal,js,1,0
2625,flatten deeply nested array,js,1,0
2626,array reduce transformation,js,1,0
2627,debounce,js,1,0
2629,function composition,js,1,0
2631,group by,js,1,0
2632,curry,js,2,0
2634,filter elements from array,js,2,0
2635,apply transform over each element in array,js,2,0
2637,promise time limit,js,1,0
2639,find the width of columns of a grid,cpp,2,0
2640,find the score of all prefixes of an array,cpp,1,0
2641,cousins in a binary tree II,cpp,1,0
2642,design graph with shortest path calculator,cpp,3,0
2643,row with maximum ones,cpp,1,0
2644,find the maximum divisibility score,cpp,1,0
2648,generate fibonacci sequence,js,2,0
2649,nested array generator,js,2,0
2651,calculate delayed arrival time,cpp+js,1+1,0+0
2652,sum multiples,cpp,2,0
2656,max sum with exactly k elements,cpp,1,0
2657,find the prefix common array of two arrays,cpp,1,0
2658,maximum number of fish in a grid,cpp,2,0
2661,first completely painted row or column,cpp,1,0
2665,counter II,js,1,0
2666,allow one function call,js,2,0
2667,create hello world function,js,1,0
2670,find the distinct difference array,cpp,2,0
2671,frequency tracker,cpp,1,0
2677,chunk array,js,2,0
2678,number of senior citizens,cpp,2,0
2679,sum in a matrix,cpp,1,0
2684,maximum number of moves in a grid,cpp,4,1
2685,count the number of complete components,cpp,2,0
2693,call function with custom context,js,4,0
2694,event emitter,js,1,0
2695,array wrapper,js,2,0
2696,minimum string length after removing substrings,cpp+js,3+1,0+0
2697,lexicographically smallest palindrome,cpp,2,0
2699,modify graph edge weights,cpp,1,0
2703,return length of arguments passed,js,1,0
2704,to be or not to be,js,1,0
2705,compact object,js,1,0
2706,buy two chocolates,cpp,1,0
2707,extra characters in string,cpp,1,1
2709,greatest common divisor traversal,cpp,0,1
2710,remove trailing zeros from a string,cpp,1,0
2711,difference of number of distinct values on diagonals,cpp,1,0
2715,execute cancellable function with delay,js,1,0
2716,minimize string length,cpp,1,0
2718,sum of matrix after queries,cpp,1,1
2721,execute asynchronous functions in parallel,js,4,0
2722,join two arrays by id,js,1,0
2723,add two promises,js,2,0
2724,sort by,js,1,0
2725,interval cancellation,js,1,0
2726,calculator with method chaining,js,1,0
2727,is object empty,js,3,0
2729,check if the number is fascinating,cpp,2,0
2733,neither minimum nor maximum,cpp,2,0
2736,maximum sum queries,cpp,0,1
2739,total distance travelled,cpp,2,0
2740,find the value of the partition,cpp,1,0
2744,find maximum number of string pairs,cpp,3,0
2747,count zero request servers,cpp,0,2
2748,number of beautiful pairs,cpp,2,0
2751,robot collisions,cpp,1,0
2761,prime pairs with target sum,cpp,1,0
2762,continous subarrays,cpp,1,1
2765,longest alternating subarray,cpp,1,0
2769,find the maximum achievable number,cpp,1,0
2778,sum of squares of special elements,cpp,1,0
2779,maximum beauty of an array after applying operation,cpp,2,0
2780,minimum index of a valid split,cpp,2,1
2784,check if array is good,cpp,2,0
2785,sort vowels in a string,cpp,2,0
2788,split strings by seperator,cpp,1,0
2791,find polygon with the largest perimeter,cpp,1,0
2798,number of employees who met the target,cpp,1,0
2799,count complete subarrays in an array,cpp,2,0
2806,account balance after rounded purchase,cpp,1,0
2807,insert greatest common divisors in linked list,cpp,1,0
2810,faulty keyboard,cpp,1,0
2812,find the safest path in a grid,cpp,1,2
2815,max pair sum in an array,cpp,1,0
2816,double a number represented as a linked list,cpp,2,0
2817,minimum absolute difference between elements with constraint,cpp,1,2
2824,count pairs whose sum is less than target,cpp,1,0
2825,make string a subsequence using cyclic increments,cpp,1,0
2828,check if a string is an acronym of words,cpp,1,0
2833,furthest point from origin,cpp,1,0
2840,check if strings can be made equal with operations II,cpp,2,0
2843,count symmetric integers,cpp,1,0
2848,points that intersect with cars,cpp,3,0
2855,minimum right shifts to sort the array,cpp,1,0
2857,count pairs of points with distance K,cpp,0,1
2858,minimum edge reversals so every node is reachable,cpp,0,1
2859,sum of values at indices with k set bits,cpp,2,0
2864,maximum odd binary number,cpp,1,0
2867,count valid paths in a tree,cpp,1,1
2869,minimum operations to collect elements,cpp,1,0
2870,minimum number of operations to make array empty,cpp,1,0
2873,maximum value of an ordered triplet I,cpp,1,0
2876,count visited nodes in a directed graph,cpp,0,1
2894,divisible and non divisible sums difference,cpp,1,0
2895,minimum processing time,cpp,1,0
2903,find indices with index and value difference I,cpp,1,0
2905,find indices with index and value difference II,cpp,1,1
2908,minimum sum of mountain triplets I,cpp,1,0
2909,minimum sum of mountain triplets II,cpp,2,2
2913,subarrays distinct element sum of squares I,cpp,1,0
2914,minimum number of changes to make binary string beautiful,cpp+js,1+1,0+0
2917,find the k or of an array,cpp,1,0
2923,find champion I,cpp,2,0
2924,find champion II,cpp,1,0
2928,distribute candies among children I,cpp,2,0
2932,maximum strong pair XOR I,cpp,1,0
2933,high access employees,cpp,1,0
2935,maximum strong pair XOR II,cpp,0,1
2937,make three strings equal,cpp,1,0
2938,separate black and white balls,cpp,1,0
2942,find words containing character,cpp,1,0
2946,matrix similarity after cyclic shifts,cpp,1,0
2947,count beautiful substrings I,cpp,1,0
2951,find the peaks,cpp,1,0
2952,minimum number of coins to be added,cpp,1,0
2956,find common elements between two arrays,cpp,3,0
2958,length of longest subarray with at most k frequency,cpp,1,1
2960,count tested devices after test operations,cpp,1,0
2962,count subarrays where max element appears at least k times,cpp,2,1
2965,find missing and repeated values,cpp,3,0
2966,divide array into arrays with max difference,cpp,3,0
2974,minimum number game,cpp,1,0
2976,minimum cost to convert string I,cpp,1,0
2980,check if bitwise or has trailing zeros,cpp,1,0
2981,find longest special substring that occurs thrice I,cpp,1,0
2997,minimum number of operations to make array xor equal to k,cpp,1,0
3000,maximum area of longest diagonal rectangle,cpp,1,0
3002,maximum size of a set after removals,cpp,1,0
3005,count elements with maximum frequency,cpp,1,0
3010,divide an array into subarrays with minimum cost I,cpp,1,0
3011,find if array can be sorted,cpp,2,0
3014,minimum number of pushes to type word I,cpp,1,0
3016,minimum number of pushes to type word II,cpp,2,0
3019,number of changing keys,cpp,2,0
3024,type of triangle II,cpp,1,0
3026,maximum good subarray sum,cpp,1,1
3028,ant on the boundary,cpp,1,0
3033,modify the matrix,cpp,1,0
3034,number of subarrays that match a pattern I,cpp,1,0
3038,maximum number of operations with the same score I,cpp,1,0
3039,apply operations to make string empty,cpp,1,0
3042,count prefix and suffix pairs I,cpp,1,0
3043,find the length of the longest common prefix,cpp,1,1
3045,count prefix and suffix pairs II,cpp,0,1
3046,split the array,cpp,1,0
3065,minimum operations to exceed threshold value I,cpp,1,0
3068,find the maximum sum of node values,cpp,1,0
3069,distribute elements into two arrays I,cpp,1,0
3070,count submatrices with top left element and sum less than k,cpp,1,1
3074,apple redistribution into boxes,cpp,1,0
3075,maximize happiness of selected children,cpp,1,0
3076,shortest uncommon substring in an array,cpp,2,0
3079,find the sum of encrypted integers,cpp,2,0
3080,mark elements on array by performing queries,cpp,1,0
3083,existence of a substring in a string and its reverse,cpp,2,0
3084,count substrings starting and ending with given character,cpp,1,1
3090,maximum length substring with two occurrences,cpp,2,0
3092,most frequent IDs,cpp,1,0
3093,longest common suffix queries,cpp,0,1
3095,shortest subarray with OR at least k I,cpp,1,0
3097,shortest subarray with OR at least k II,cpp,0,1
3099,harshad number,cpp,1,0
3101,count alternating subarrays,cpp,1,1
3102,minimize manhattan distances,cpp,0,1
3105,longest strictly increasing or strictly decreasing subarray,cpp,2,0
3107,minimum operations to make median of array equal to K,cpp,1,0
3110,score of a string,cpp,1,0
3111,minimum rectangles to cover points,cpp,1,0
3113,find the number of subarrays where boundary elements are maximum,cpp,0,1
3114,latest time you can obtain after replacing characters,cpp,1,0
3115,maximum prime difference,cpp,2,0
3120,count the number of special characters I,cpp,1,0
3121,count the number of special characters II,cpp,1,0
3123,find edges in shortest paths,cpp,1,0
3127,make a square with the same color,cpp,1,0
3128,right triangles,cpp,1,1
3131,find the integer added to array I,cpp,1,0
3134,find the median of the uniqueness array,cpp,0,2
3136,valid word,cpp,1,0
3137,minimum number of operations to make word K periodic,cpp,1,0
3138,minimum length of anagram concatenation,cpp,1,0
3142,check if grid satisfies conditions,cpp,1,0
3146,permutation difference between two strings,cpp,1,0
3151,special array I,cpp,1,0
3152,special array II,cpp,1,2
3153,sum of digit differences of all pairs,cpp,1,1
3158,find the XOR of numbers which appear twice,cpp,2,0
3159,find occurrences of an element in an array,cpp,1,0
3160,find the number of distinct colors among the balls,cpp,1,0
3162,find the number of good pairs I,cpp,1,0
3163,string compression III,cpp,2,0
3164,find the number of good pairs II,cpp,1,2
3168,minimum number of chairs in a waiting room,cpp,1,0
3169,count days without meetings,cpp,1,1
3171,find subarray with bitwise AND closest to K,cpp,0,1
3174,clear digits,cpp,1,0
3176,find the maximum length of a good subsequence I,cpp,1,1
3177,find the maximum length of a good subsequence II,cpp,0,1
3178,find the child who has the ball after K seconds,cpp,2,0
3179,find the Nth value after K seconds,cpp,1,0
3184,count pairs that form a complete day I,cpp,1,2
3185,count pairs that form a complete day II,cpp,1,1
3187,peaks in array,cpp,0,1
3190,find minimum operations to make all elements divisible by three,cpp,1,0
3191,minimum operations to make binary array elements equal to one I,cpp,1,0
3192,minimum operations to make binary array elements equal to one II,cpp,1,0
3194,minimum average of smallest and largest elements,cpp,1,0
3195,find the minimum area to cover all ones I,cpp,1,0
3200,maximum height of a triangle,cpp,1,0
3201,find the maximum length of valid subsequence I,cpp,1,0
3203,find minimum diameter after merging two trees,cpp,1,0
3206,alternating groups I,cpp,1,0
3208,alternating groups II,cpp,0,1
3209,number of subarrays with AND value of K,cpp,0,1
3210,find the encrypted string,cpp,1,0
3211,generate binary strings without adjacent zeros,cpp,1,0
3212,count submatrices with equal frequency of X and Y,cpp,2,1
3216,lexicographically smallest string after a swap,cpp,1,0
3217,delete nodes from linked list present in array,cpp,1,0
3220,odd and even transactions,sql,1,0
3222,find the winning player in coin game,cpp,1,0
3223,minimum length of string after operations,cpp,1,0
3226,number of bit changes to make two integers equal,cpp,2,0
3227,vowels game in a string,cpp,1,0
3228,maximum number of operations to move ones to the end,cpp,1,0
3232,find if digit game can be won,cpp,1,0
3233,find the count of numbers which are not special,cpp,1,1
3234,count the number of substrings with dominant ones,cpp,0,1
3238,find the number of winning players,cpp,1,0
3239,minimum number of flips to make binary grid palindromic I,cpp,1,0
3241,time taken to mark all nodes,cpp,0,1
3242,design neighbor sum service,cpp,1,0
3243,shortest distance after road addition queries I,cpp,1,0
3244,shortest distance after road addition queries II,cpp,0,1
3248,snake in matrix,cpp,1,0
3249,count the number of good nodes,cpp,1,0
3254,find the power of K size subarrays I,cpp,1,0
3255,find the power of K size subarrays II,cpp,0,1
3258,count substrings that satisfy K constraint I,cpp,1,0
3259,maximum energy boost from two drinks,cpp,3,1
3261,count substrings that satisfy K constraint II,cpp,0,1
3264,final array state after K multiplication operations I,cpp,2,0
3265,count almost equal pairs I,cpp,1,0
3266,final array state after K multiplication operations II,cpp,0,2
3270,find the key of the numbers,cpp,2,0
3271,hash divided string,cpp,1,0
3274,check if two chessboard squares have the same color,cpp,1,0
3275,Kth nearest obstacle queries,cpp,1,0
3280,convert date to binary,cpp+js,1+1,0+0
3282,reach end of array with max score,cpp,0,2
3285,find indices of stable mountains,cpp,1,0
3286,find a safe walk through a grid,cpp,1,1
3289,the two sneaky numbers of digitville,cpp,2,0
3290,maximum multiplication score,cpp,2,3
3295,report spam message,cpp,1,0
3297,count substrings that can be rearranged to contain a string I,cpp,1,1
3298,count substrings that can be rearranged to contain a string II,cpp,1,1
3300,minimum element after replacement with digit sum,cpp,1,0
3301,maximize the total height of unique towers,cpp,1,0
3302,find the lexicographically smallest valid sequence,cpp,0,1
3303,find the occurrence of first almost equal substring,cpp,0,1
3304,find the Kth character in string game I,cpp,1,0
3305,count of substrings containing every vowel and K consonants I,cpp,1,0
3306,count of substrings containing every vowel and K consonants II,cpp,0,1
3307,find the Kth character in string game II,cpp,0,1
3309,maximum possible number by binary concatenation,cpp,1,0
3310,remove methods from project,cpp,1,0
3312,sorted GCD pair queries,cpp,0,1
3314,construct the minimum bitwise array I,cpp,1,0
3315,construct the minimum bitwise array II,cpp,0,1
3316,find maximum removals from source string,cpp,0,1
3318,find X sum of all K long subarrays I,cpp,1,0
3319,K th largest perfect subtree size in binary tree,cpp,1,0
3321,find X sum of all K long subarrays II,cpp,0,1
3324,find the sequence of strings appeared on the screen,cpp,1,0
3325,count substrings with K frequency characters I,cpp,2,0
3326,minimum division operations to make array non decreasing,cpp,1,0
3330,find the original typed string I,cpp,1,0
3331,find subtree sizes after changes,cpp,1,0
3332,maximum points tourist can earn,cpp,0,1
3334,find the maximum factor score of array,cpp,1,0
3335,total characters in string after transformations I,cpp,1,0
3340,check balanced string,cpp+js,1+1,0+0
3345,smallest divisible digit product I,cpp,1,0
3349,adjacent increasing subarrays detection I,cpp,1,0
3360,stone removal game,cpp,1,0
3364,minimum positive sum subarray,cpp,1,0
3365,rearrange K substrings to form target string,cpp,1,0
3370,smallest number with all set bits,cpp,2,0
3371,identify the largest outlier in an array,cpp,1,1
3375,minimum operations to make array values equal to K,cpp,1,0
3379,transformed array,cpp,1,0
3386,button with longest push time,cpp,1,0
3392,count subarrays of length three with a condition,cpp,1,0
3396,minimum number of operations to make elements in array distinct,cpp,1,0
3402,minimum operations to make columns strictly increasing,cpp,1,0
